<?xml version="1.0" encoding="UTF-8"?>
<rss version="2.0" xmlns:ror="http://rorweb.com/0.1/" >
<channel>
  <title>ROR Sitemap for https://www.shribalajiinstitutepune.com/</title>
  <link>https://www.shribalajiinstitutepune.com/</link>

<item>
     <link>https://www.shribalajiinstitutepune.com/</link>
     <title>Distance Education by Shri Balaji Institute Pune (SBIP)</title>
     <description>We stand to provide quality Distance Education services through strategic collaboration with internationally accredited institutions. We are committed to deliver best distance education and professional educational consultancy services in India.</description>
     <ror:updatePeriod></ror:updatePeriod>
     <ror:sortOrder>0</ror:sortOrder>
     <ror:resourceOf>sitemap</ror:resourceOf>
</item>
<item>
     <link>https://www.shribalajiinstitutepune.com/index.html</link>
     <title>Distance Education by Shri Balaji Institute Pune (SBIP)</title>
     <description>We stand to provide quality Distance Education services through strategic collaboration with internationally accredited institutions. We are committed to deliver best distance education and professional educational consultancy services in India.</description>
     <ror:updatePeriod></ror:updatePeriod>
     <ror:sortOrder>1</ror:sortOrder>
     <ror:resourceOf>sitemap</ror:resourceOf>
</item>
<item>
     <link>https://www.shribalajiinstitutepune.com/contact-us.html</link>
     <title></title>
     <description> </description>
     <ror:updatePeriod></ror:updatePeriod>
     <ror:sortOrder>1</ror:sortOrder>
     <ror:resourceOf>sitemap</ror:resourceOf>
</item>
<item>
     <link>https://www.shribalajiinstitutepune.com/about-us.html</link>
     <title>About Us - Professional Distance Learning Educational Consultants in Pune</title>
     <description>Shri Balaji Institute Pune (SBIP) has more than 6 years’ experience in the education sector and started educational courses from Secondary level to Post Graduation level via regular and distance mode.</description>
     <ror:updatePeriod></ror:updatePeriod>
     <ror:sortOrder>1</ror:sortOrder>
     <ror:resourceOf>sitemap</ror:resourceOf>
</item>
<item>
     <link>https://www.shribalajiinstitutepune.com/why-us.html</link>
     <title>Why Us - Professional Educational Consultants in Pune, India, Higher Educational Institutions, Distance Education</title>
     <description> </description>
     <ror:updatePeriod></ror:updatePeriod>
     <ror:sortOrder>1</ror:sortOrder>
     <ror:resourceOf>sitemap</ror:resourceOf>
</item>
<item>
     <link>https://www.shribalajiinstitutepune.com/Why-Distance-Education.html</link>
     <title>Why Distance Education - Professional Educational Consultants in Pune, India, Higher Educational Institutions, Distance Education</title>
     <description>Shri Balaji Institute Pune is the Leading distance education consultants in Maharashtra as well as in India. Learn more about Why Distance Education is important for Todays Era.</description>
     <ror:updatePeriod></ror:updatePeriod>
     <ror:sortOrder>1</ror:sortOrder>
     <ror:resourceOf>sitemap</ror:resourceOf>
</item>
<item>
     <link>https://www.shribalajiinstitutepune.com/courses.html</link>
     <title>Distance Education courses - Shri Balaji Institute Pune</title>
     <description>Explore Shri Balaji Institute Pune Distance learning centers Quality and Professional distance education courses.</description>
     <ror:updatePeriod></ror:updatePeriod>
     <ror:sortOrder>1</ror:sortOrder>
     <ror:resourceOf>sitemap</ror:resourceOf>
</item>
<item>
     <link>https://www.shribalajiinstitutepune.com/consultancy.html</link>
     <title>Professional Educational Consultants in Pune - SBIP</title>
     <description>Shri Balaji Institute is one of India’s leading Distance Education Consultation and Distance Learning Centers that provide high quality, industry-relevant distance educational courses, programs for students, young graduates, and working professionals.</description>
     <ror:updatePeriod></ror:updatePeriod>
     <ror:sortOrder>1</ror:sortOrder>
     <ror:resourceOf>sitemap</ror:resourceOf>
</item>
<item>
     <link>https://www.shribalajiinstitutepune.com/associates.html</link>
     <title>Associates - Professional Distance Educational Course</title>
     <description>Associates - Professional Distance Educational Course gives you Zero Investment, High Profit Business Opportunity. Want to know how? Lets get started here.</description>
     <ror:updatePeriod></ror:updatePeriod>
     <ror:sortOrder>1</ror:sortOrder>
     <ror:resourceOf>sitemap</ror:resourceOf>
</item>
<item>
     <link>https://www.shribalajiinstitutepune.com/blogs.html</link>
     <title>What is Distance Education? &amp;#8211; Shri Balaji Institute</title>
     <description> </description>
     <ror:updatePeriod></ror:updatePeriod>
     <ror:sortOrder>1</ror:sortOrder>
     <ror:resourceOf>sitemap</ror:resourceOf>
</item>
<item>
     <link>https://www.shribalajiinstitutepune.com/faq.html</link>
     <title>FAQ's - Professional Educational Consultants in India, Higher Educational Institutions, Distance Education</title>
     <description> </description>
     <ror:updatePeriod></ror:updatePeriod>
     <ror:sortOrder>1</ror:sortOrder>
     <ror:resourceOf>sitemap</ror:resourceOf>
</item>
<item>
     <link>https://www.shribalajiinstitutepune.com/btech-distance-education.html</link>
     <title>B Tech Distance Eduaction by SBIP</title>
     <description>Distance B Tech Degree is offered under various specializations such as mechanical, civil, mining, computer science, aeronautics, electronics, etc. B Tech Distance Eduaction.</description>
     <ror:updatePeriod></ror:updatePeriod>
     <ror:sortOrder>1</ror:sortOrder>
     <ror:resourceOf>sitemap</ror:resourceOf>
</item>
<item>
     <link>https://www.shribalajiinstitutepune.com/polytechnic-distance-education.html</link>
     <title>Diploma in Engineering (Polytechnic) Distance Education</title>
     <description> </description>
     <ror:updatePeriod></ror:updatePeriod>
     <ror:sortOrder>1</ror:sortOrder>
     <ror:resourceOf>sitemap</ror:resourceOf>
</item>
<item>
     <link>https://www.shribalajiinstitutepune.com/bed-distance-education.html</link>
     <title>B Ed Distance Education Program by SBIP</title>
     <description>B Ed Distance Education program is designed, for aspirants, to gain an understanding of teaching-learning process between teachers and students. Enroll Now.</description>
     <ror:updatePeriod></ror:updatePeriod>
     <ror:sortOrder>1</ror:sortOrder>
     <ror:resourceOf>sitemap</ror:resourceOf>
</item>
<item>
     <link>https://www.shribalajiinstitutepune.com/llb-distance-education.html</link>
     <title>LLB Distance Education</title>
     <description> </description>
     <ror:updatePeriod></ror:updatePeriod>
     <ror:sortOrder>1</ror:sortOrder>
     <ror:resourceOf>sitemap</ror:resourceOf>
</item>
<item>
     <link>https://www.shribalajiinstitutepune.com/bsc-distance-education.html</link>
     <title>BSc Distance Education Program By SBIP</title>
     <description>BSc Distance Education is a one the most popular 3 years undergraduate science degree program. Now more about bsc correspondence course at SBIP.</description>
     <ror:updatePeriod></ror:updatePeriod>
     <ror:sortOrder>1</ror:sortOrder>
     <ror:resourceOf>sitemap</ror:resourceOf>
</item>
<item>
     <link>https://www.shribalajiinstitutepune.com/bsw-distance-education.html</link>
     <title>BSW Distance Education Program by SBIP</title>
     <description>BSW Distance Education Program, As the name suggests, this program equips students with the knowledge, skills and techniques required to empower individuals and communities.</description>
     <ror:updatePeriod></ror:updatePeriod>
     <ror:sortOrder>1</ror:sortOrder>
     <ror:resourceOf>sitemap</ror:resourceOf>
</item>
<item>
     <link>https://www.shribalajiinstitutepune.com/msw-distance-education.html</link>
     <title>MSW Distance Education</title>
     <description> </description>
     <ror:updatePeriod></ror:updatePeriod>
     <ror:sortOrder>1</ror:sortOrder>
     <ror:resourceOf>sitemap</ror:resourceOf>
</item>
<item>
     <link>https://www.shribalajiinstitutepune.com/msc-distance-education.html</link>
     <title>MSc Distance Education</title>
     <description> </description>
     <ror:updatePeriod></ror:updatePeriod>
     <ror:sortOrder>1</ror:sortOrder>
     <ror:resourceOf>sitemap</ror:resourceOf>
</item>
<item>
     <link>https://www.shribalajiinstitutepune.com/bba-distance-education.html</link>
     <title>BBA Distance Education Course by SBIP</title>
     <description>BBA Distance Education is one of the most popular undergraduate programs. It is a three-year management degree that develops entrepreneurship &amp; business administration skills.</description>
     <ror:updatePeriod></ror:updatePeriod>
     <ror:sortOrder>1</ror:sortOrder>
     <ror:resourceOf>sitemap</ror:resourceOf>
</item>
<item>
     <link>https://www.shribalajiinstitutepune.com/mba-distance-education.html</link>
     <title>MBA Distance Education</title>
     <description> </description>
     <ror:updatePeriod></ror:updatePeriod>
     <ror:sortOrder>1</ror:sortOrder>
     <ror:resourceOf>sitemap</ror:resourceOf>
</item>
<item>
     <link>https://www.shribalajiinstitutepune.com/bca-distance-education.html</link>
     <title>BCA Distance Education Program by SBIP</title>
     <description>BCA Distance Education is a 3 years undergraduate computer degree program which deals with the study of computers and information technology. Enroll Now.</description>
     <ror:updatePeriod></ror:updatePeriod>
     <ror:sortOrder>1</ror:sortOrder>
     <ror:resourceOf>sitemap</ror:resourceOf>
</item>
<item>
     <link>https://www.shribalajiinstitutepune.com/mca-distance-education.html</link>
     <title>MCA Distance Education</title>
     <description> </description>
     <ror:updatePeriod></ror:updatePeriod>
     <ror:sortOrder>1</ror:sortOrder>
     <ror:resourceOf>sitemap</ror:resourceOf>
</item>
<item>
     <link>https://www.shribalajiinstitutepune.com/mtech-distance-education.html</link>
     <title>M Tech Distance Eduaction</title>
     <description> </description>
     <ror:updatePeriod></ror:updatePeriod>
     <ror:sortOrder>1</ror:sortOrder>
     <ror:resourceOf>sitemap</ror:resourceOf>
</item>
<item>
     <link>https://www.shribalajiinstitutepune.com/graduation-in-one-year.html</link>
     <title>Graduation in One Year</title>
     <description> </description>
     <ror:updatePeriod></ror:updatePeriod>
     <ror:sortOrder>1</ror:sortOrder>
     <ror:resourceOf>sitemap</ror:resourceOf>
</item>
<item>
     <link>https://www.shribalajiinstitutepune.com/one-sitting-degree.html</link>
     <title>One Sitting Degree by Shri Balaji Institute Pune (SBIP)</title>
     <description>One Sitting Degree is a program that helps to bridge the academic gap years of a candidate. It helps individual, who had to discontinue their education after 12th.</description>
     <ror:updatePeriod></ror:updatePeriod>
     <ror:sortOrder>1</ror:sortOrder>
     <ror:resourceOf>sitemap</ror:resourceOf>
</item>
<item>
     <link>https://www.shribalajiinstitutepune.com/degree-in-one-year.html</link>
     <title>Degree in One Year</title>
     <description> </description>
     <ror:updatePeriod></ror:updatePeriod>
     <ror:sortOrder>1</ror:sortOrder>
     <ror:resourceOf>sitemap</ror:resourceOf>
</item>
<item>
     <link>https://www.shribalajiinstitutepune.com/distance-education-what-why-how-ugc.html</link>
     <title>Distance Education: What, Why &amp;#038; How &amp;#8211; UGC &amp;#8211; Shri Balaji
        Institute</title>
     <description> </description>
     <ror:updatePeriod></ror:updatePeriod>
     <ror:sortOrder>2</ror:sortOrder>
     <ror:resourceOf>sitemap</ror:resourceOf>
</item>
<item>
     <link>https://www.shribalajiinstitutepune.com/history-of-distance-education-in-india.html</link>
     <title>History of Distance Education in India By Shri Balaji Institute</title>
     <description>The committee also suggested that correspondence courses in India should consider introducing correspondence courses, in order to expand the base of higher education.</description>
     <ror:updatePeriod></ror:updatePeriod>
     <ror:sortOrder>2</ror:sortOrder>
     <ror:resourceOf>sitemap</ror:resourceOf>
</item>
<item>
     <link>https://www.shribalajiinstitutepune.com/what-is-distance-education.html</link>
     <title>What is Distance Education? &amp;#8211; Shri Balaji Institute</title>
     <description> </description>
     <ror:updatePeriod></ror:updatePeriod>
     <ror:sortOrder>2</ror:sortOrder>
     <ror:resourceOf>sitemap</ror:resourceOf>
</item>
<item>
     <link>https://www.shribalajiinstitutepune.com/btech-civil-distance-education.html</link>
     <title>B Tech Civil Engineering Distance Education Program By SBIP</title>
     <description>B Tech Civil Engineering Distance Education Program at SBIP. Civil engineering techniques are practiced by humans, even, before the existence of very early civilizations.</description>
     <ror:updatePeriod></ror:updatePeriod>
     <ror:sortOrder>2</ror:sortOrder>
     <ror:resourceOf>sitemap</ror:resourceOf>
</item>
<item>
     <link>https://www.shribalajiinstitutepune.com/btech-mechanical-distance-education.html</link>
     <title> B Tech Mechanical Distance Education</title>
     <description> </description>
     <ror:updatePeriod></ror:updatePeriod>
     <ror:sortOrder>2</ror:sortOrder>
     <ror:resourceOf>sitemap</ror:resourceOf>
</item>
<item>
     <link>https://www.shribalajiinstitutepune.com/btech-automobile-distance-education.html</link>
     <title>B Tech Automobile Engineering Distance Education by SBIP</title>
     <description>B Tech Automobile Engineering Distance Education is a part of mechanical engineering that extensively focuses on different technologies involved in making automobiles.</description>
     <ror:updatePeriod></ror:updatePeriod>
     <ror:sortOrder>2</ror:sortOrder>
     <ror:resourceOf>sitemap</ror:resourceOf>
</item>
<item>
     <link>https://www.shribalajiinstitutepune.com/btech-electrical-distance-education.html</link>
     <title>B Tech Electrical Distance Education Program by SBIP</title>
     <description>B Tech Electrical Distance Education Program by SBIP helps you specifically with the fundamentals and application of electricity, etc. So, Enroll Now.</description>
     <ror:updatePeriod></ror:updatePeriod>
     <ror:sortOrder>2</ror:sortOrder>
     <ror:resourceOf>sitemap</ror:resourceOf>
</item>
</channel>
</rss>
  